id,review,aspect
1,The shipping is very difficult to use and has caused me a lot of frustration.,shipping
2,The price is very difficult to use and has caused me a lot of frustration.,price
3,I am impressed with the customer service. It has exceeded my expectations.,customer service
4,I would give the price five stars. It has been a pleasure to use.,price
5,The price is very easy to use and has made my life much easier.,price
6,The price is not what I was looking for. I am very disappointed with my purchase.,price
7,I am extremely unhappy with the shipping. It was a waste of money.,shipping
8,The price is of poor quality. I would not recommend it.,price
9,The shipping is everything I wanted and more. I am very satisfied with my purchase.,shipping
10,I am very disappointed with the price. The price did not meet my expectations.,price
11,I am extremely happy with the product. It has been a great investment.,product
12,The shipping did not live up to my expectations. I would not recommend it to anyone.,shipping
13,The customer service is very difficult to use and has caused me a lot of frustration.,customer service
14,I am extremely happy with the product. It has been a great investment.,product
15,I would give the product one star. It was a terrible product.,product
16,The customer service did not live up to my expectations. I would not recommend it to anyone.,customer service
17,I had a terrible experience with the product. The product did not work as advertised.,product
18,The product is overpriced for the quality. I would not buy it again.,product
19,I am extremely unhappy with the shipping. It was a waste of money.,shipping
20,The price did not live up to my expectations. I would not recommend it to anyone.,price
21,I am very disappointed with the shipping. The shipping did not meet my expectations.,shipping
22,I am extremely unhappy with the price. It was a waste of money.,price
23,The product is overpriced for the quality. I would not buy it again.,product
24,The shipping is very difficult to use and has caused me a lot of frustration.,shipping
25,I would give the customer service five stars. It has been a pleasure to use.,customer service
26,The product is very difficult to use and has caused me a lot of frustration.,product
27,I had a terrible experience with the price. The price did not work as advertised.,price
28,The price has exceeded my expectations. I would recommend it to anyone.,price
29,The shipping is everything I wanted and more. I am very satisfied with my purchase.,shipping
30,The shipping is an excellent value for the price. I would buy it again.,shipping
31,The customer service is very easy to use and has made my life much easier.,customer service
32,The customer service is of very high quality. I would definitely recommend it.,customer service
33,I am extremely happy with the price. It has been a great investment.,price
34,I would give the customer service five stars. It has been a pleasure to use.,customer service
35,I had a terrible experience with the price. The price did not work as advertised.,price
36,I am extremely happy with the product. It has been a great investment.,product
37,I would give the shipping one star. It was a terrible product.,shipping
38,The product did not live up to my expectations. I would not recommend it to anyone.,product
39,The price is an excellent value for the price. I would buy it again.,price
40,The price is very difficult to use and has caused me a lot of frustration.,price
41,I am extremely happy with the shipping. It has been a great investment.,shipping
42,The price is very easy to use and has made my life much easier.,price
43,I am very unimpressed with the customer service. It is not worth the price.,customer service
44,I am very impressed with the price. It is a great product at a great price.,price
45,The customer service is everything I wanted and more. I am very satisfied with my purchase.,customer service
46,I would give the product five stars. It has been a pleasure to use.,product
47,The price is of poor quality. I would not recommend it.,price
48,I am very satisfied with the shipping. The shipping is exactly what I was looking for.,shipping
49,The customer service is of poor quality. I would not recommend it.,customer service
50,The customer service is very difficult to use and has caused me a lot of frustration.,customer service
51,I had a terrible experience with the product. The product did not work as advertised.,product
52,The shipping did not live up to my expectations. I would not recommend it to anyone.,shipping
53,I am very satisfied with the product. The product is exactly what I was looking for.,product
54,I am extremely happy with the customer service. It has been a great investment.,customer service
55,The price is of poor quality. I would not recommend it.,price
56,The product is not what I was looking for. I am very disappointed with my purchase.,product
57,I am very unimpressed with the product. It is not worth the price.,product
58,The price is not what I was looking for. I am very disappointed with my purchase.,price
59,I am very disappointed with the shipping. The shipping did not meet my expectations.,shipping
60,The price is overpriced for the quality. I would not buy it again.,price
61,The product has exceeded my expectations. I would recommend it to anyone.,product
62,I am very impressed with the customer service. It is a great product at a great price.,customer service
63,I am very disappointed with the customer service. The customer service did not meet my expectations.,customer service
64,I am very impressed with the customer service. It is a great product at a great price.,customer service
65,I am extremely happy with the shipping. It has been a great investment.,shipping
66,The price is not what I was looking for. I am very disappointed with my purchase.,price
67,I had a terrible experience with the shipping. The shipping did not work as advertised.,shipping
68,I am extremely unhappy with the price. It was a waste of money.,price
69,The shipping did not live up to my expectations. I would not recommend it to anyone.,shipping
70,The customer service is not what I was looking for. I am very disappointed with my purchase.,customer service
71,I would give the customer service five stars. It has been a pleasure to use.,customer service
72,The shipping is very difficult to use and has caused me a lot of frustration.,shipping
73,The price has exceeded my expectations. I would recommend it to anyone.,price
74,The shipping is very easy to use and has made my life much easier.,shipping
75,The product is overpriced for the quality. I would not buy it again.,product
76,I am very satisfied with the customer service. The customer service is exactly what I was looking for.,customer service
77,The product did not live up to my expectations. I would not recommend it to anyone.,product
78,The shipping is everything I wanted and more. I am very satisfied with my purchase.,shipping
79,I would give the product one star. It was a terrible product.,product
80,I would give the product five stars. It has been a pleasure to use.,product
81,The customer service is overpriced for the quality. I would not buy it again.,customer service
82,I am extremely happy with the shipping. It has been a great investment.,shipping
83,I am extremely happy with the customer service. It has been a great investment.,customer service
84,The price is not what I was looking for. I am very disappointed with my purchase.,price
85,The customer service is of poor quality. I would not recommend it.,customer service
86,I am very satisfied with the product. The product is exactly what I was looking for.,product
87,The shipping is an excellent value for the price. I would buy it again.,shipping
88,The customer service is very easy to use and has made my life much easier.,customer service
89,The price is of very high quality. I would definitely recommend it.,price
90,I had a terrible experience with the product. The product did not work as advertised.,product
91,The price is very difficult to use and has caused me a lot of frustration.,price
92,The shipping is an excellent value for the price. I would buy it again.,shipping
93,I am very disappointed with the shipping. The shipping did not meet my expectations.,shipping
94,The product is an excellent value for the price. I would buy it again.,product
95,The price did not live up to my expectations. I would not recommend it to anyone.,price
96,The customer service is very easy to use and has made my life much easier.,customer service
97,I had a terrible experience with the shipping. The shipping did not work as advertised.,shipping
98,I am very impressed with the price. It is a great product at a great price.,price
99,The shipping is overpriced for the quality. I would not buy it again.,shipping
100,I am very unimpressed with the price. It is not worth the price.,price
101,I am extremely happy with the price. It has been a great investment.,price
102,I am very satisfied with the customer service. The customer service is exactly what I was looking for.,customer service
103,The product did not live up to my expectations. I would not recommend it to anyone.,product
104,The customer service is of very high quality. I would definitely recommend it.,customer service
105,I am extremely happy with the customer service. It has been a great investment.,customer service
106,The shipping is an excellent value for the price. I would buy it again.,shipping
107,The customer service is an excellent value for the price. I would buy it again.,customer service
108,I am impressed with the customer service. It has exceeded my expectations.,customer service
109,I am very unimpressed with the price. It is not worth the price.,price
110,I am very impressed with the product. It is a great product at a great price.,product
111,The product did not live up to my expectations. I would not recommend it to anyone.,product
112,The price is of very high quality. I would definitely recommend it.,price
113,I am very unimpressed with the shipping. It is not worth the price.,shipping
114,I would give the shipping one star. It was a terrible product.,shipping
115,I am extremely unhappy with the shipping. It was a waste of money.,shipping
116,I am very satisfied with the shipping. The shipping is exactly what I was looking for.,shipping
117,The price is of very high quality. I would definitely recommend it.,price
118,The price is not what I was looking for. I am very disappointed with my purchase.,price
119,I am very disappointed with the shipping. The shipping did not meet my expectations.,shipping
120,The shipping has exceeded my expectations. I would recommend it to anyone.,shipping
121,The product is very easy to use and has made my life much easier.,product
122,I would give the shipping five stars. It has been a pleasure to use.,shipping
123,I would give the shipping one star. It was a terrible product.,shipping
124,The shipping is overpriced for the quality. I would not buy it again.,shipping
125,I had a terrible experience with the product. The product did not work as advertised.,product
126,The price is very difficult to use and has caused me a lot of frustration.,price
127,I had a terrible experience with the shipping. The shipping did not work as advertised.,shipping
128,I had a terrible experience with the price. The price did not work as advertised.,price
129,The customer service is an excellent value for the price. I would buy it again.,customer service
130,I am very impressed with the customer service. It is a great product at a great price.,customer service
131,I would give the shipping one star. It was a terrible product.,shipping
132,The product is very difficult to use and has caused me a lot of frustration.,product
133,I am very unimpressed with the price. It is not worth the price.,price
134,The shipping is not what I was looking for. I am very disappointed with my purchase.,shipping
135,I am very unimpressed with the price. It is not worth the price.,price
136,I am impressed with the price. It has exceeded my expectations.,price
137,I had a terrible experience with the customer service. The customer service did not work as advertised.,customer service
138,I had a terrible experience with the price. The price did not work as advertised.,price
139,I am very disappointed with the price. The price did not meet my expectations.,price
140,The customer service is everything I wanted and more. I am very satisfied with my purchase.,customer service
141,The product is of poor quality. I would not recommend it.,product
142,The customer service is very easy to use and has made my life much easier.,customer service
143,The shipping is of very high quality. I would definitely recommend it.,shipping
144,I am impressed with the price. It has exceeded my expectations.,price
145,I am impressed with the price. It has exceeded my expectations.,price
146,I am extremely unhappy with the product. It was a waste of money.,product
147,I am very impressed with the product. It is a great product at a great price.,product
148,The shipping has exceeded my expectations. I would recommend it to anyone.,shipping
149,I am very impressed with the price. It is a great product at a great price.,price
150,The price did not live up to my expectations. I would not recommend it to anyone.,price
151,The customer service has exceeded my expectations. I would recommend it to anyone.,customer service
152,The product is of poor quality. I would not recommend it.,product
153,I would give the customer service one star. It was a terrible product.,customer service
154,I am extremely happy with the price. It has been a great investment.,price
155,The customer service has exceeded my expectations. I would recommend it to anyone.,customer service
156,The product is very difficult to use and has caused me a lot of frustration.,product
157,I am very satisfied with the customer service. The customer service is exactly what I was looking for.,customer service
158,I am extremely unhappy with the price. It was a waste of money.,price
159,The shipping is overpriced for the quality. I would not buy it again.,shipping
160,The price is very difficult to use and has caused me a lot of frustration.,price
161,I am impressed with the price. It has exceeded my expectations.,price
162,The shipping is not what I was looking for. I am very disappointed with my purchase.,shipping
163,The price is very easy to use and has made my life much easier.,price
164,I am very satisfied with the shipping. The shipping is exactly what I was looking for.,shipping
165,The shipping is not what I was looking for. I am very disappointed with my purchase.,shipping
166,The customer service is everything I wanted and more. I am very satisfied with my purchase.,customer service
167,The product is overpriced for the quality. I would not buy it again.,product
168,The customer service is of very high quality. I would definitely recommend it.,customer service
169,The price is everything I wanted and more. I am very satisfied with my purchase.,price
170,The product is very easy to use and has made my life much easier.,product
171,I am extremely happy with the price. It has been a great investment.,price
172,The shipping is everything I wanted and more. I am very satisfied with my purchase.,shipping
173,The price is of poor quality. I would not recommend it.,price
174,I would give the product one star. It was a terrible product.,product
175,I had a terrible experience with the shipping. The shipping did not work as advertised.,shipping
176,The price is overpriced for the quality. I would not buy it again.,price
177,I am very impressed with the customer service. It is a great product at a great price.,customer service
178,I am extremely happy with the price. It has been a great investment.,price
179,I had a terrible experience with the customer service. The customer service did not work as advertised.,customer service
180,I would give the shipping five stars. It has been a pleasure to use.,shipping
181,I would give the customer service one star. It was a terrible product.,customer service
182,The customer service is very easy to use and has made my life much easier.,customer service
183,I am very impressed with the shipping. It is a great product at a great price.,shipping
184,The product has exceeded my expectations. I would recommend it to anyone.,product
185,The shipping is of very high quality. I would definitely recommend it.,shipping
186,I am extremely happy with the customer service. It has been a great investment.,customer service
187,I am extremely unhappy with the price. It was a waste of money.,price
188,The customer service is very easy to use and has made my life much easier.,customer service
189,I am impressed with the price. It has exceeded my expectations.,price
190,The price is overpriced for the quality. I would not buy it again.,price
191,The shipping is very difficult to use and has caused me a lot of frustration.,shipping
192,The customer service is not what I was looking for. I am very disappointed with my purchase.,customer service
193,The shipping is an excellent value for the price. I would buy it again.,shipping
194,The price is of very high quality. I would definitely recommend it.,price
195,The shipping is of very high quality. I would definitely recommend it.,shipping
196,I am extremely unhappy with the shipping. It was a waste of money.,shipping
197,The price did not live up to my expectations. I would not recommend it to anyone.,price
198,The shipping is very easy to use and has made my life much easier.,shipping
199,The product is overpriced for the quality. I would not buy it again.,product
200,I am extremely happy with the shipping. It has been a great investment.,shipping
201,The product is of very high quality. I would definitely recommend it.,product
202,The shipping is not what I was looking for. I am very disappointed with my purchase.,shipping
203,The product is of very high quality. I would definitely recommend it.,product
204,The customer service did not live up to my expectations. I would not recommend it to anyone.,customer service
205,The product is not what I was looking for. I am very disappointed with my purchase.,product
206,The product is everything I wanted and more. I am very satisfied with my purchase.,product
207,I had a terrible experience with the customer service. The customer service did not work as advertised.,customer service
208,The product is of poor quality. I would not recommend it.,product
209,I am extremely happy with the price. It has been a great investment.,price
210,I had a terrible experience with the product. The product did not work as advertised.,product
211,I am very unimpressed with the customer service. It is not worth the price.,customer service
212,The product has exceeded my expectations. I would recommend it to anyone.,product
213,The shipping did not live up to my expectations. I would not recommend it to anyone.,shipping
214,The shipping is overpriced for the quality. I would not buy it again.,shipping
215,I would give the customer service one star. It was a terrible product.,customer service
216,The customer service is very easy to use and has made my life much easier.,customer service
217,I am very satisfied with the customer service. The customer service is exactly what I was looking for.,customer service
218,I am very unimpressed with the shipping. It is not worth the price.,shipping
219,I am very satisfied with the price. The price is exactly what I was looking for.,price
220,I am extremely unhappy with the customer service. It was a waste of money.,customer service
221,I am extremely happy with the product. It has been a great investment.,product
222,I am very impressed with the price. It is a great product at a great price.,price
223,The product did not live up to my expectations. I would not recommend it to anyone.,product
224,I am very impressed with the price. It is a great product at a great price.,price
225,I am very satisfied with the price. The price is exactly what I was looking for.,price
226,I am extremely unhappy with the product. It was a waste of money.,product
227,I am extremely unhappy with the customer service. It was a waste of money.,customer service
228,The product is very difficult to use and has caused me a lot of frustration.,product
229,The product is of poor quality. I would not recommend it.,product
230,The customer service is not what I was looking for. I am very disappointed with my purchase.,customer service
231,I am very disappointed with the shipping. The shipping did not meet my expectations.,shipping
232,The customer service is of very high quality. I would definitely recommend it.,customer service
233,The shipping is not what I was looking for. I am very disappointed with my purchase.,shipping
234,I am very impressed with the price. It is a great product at a great price.,price
235,The customer service is an excellent value for the price. I would buy it again.,customer service
236,I would give the customer service five stars. It has been a pleasure to use.,customer service
237,The price has exceeded my expectations. I would recommend it to anyone.,price
238,I am very disappointed with the shipping. The shipping did not meet my expectations.,shipping
239,The price is an excellent value for the price. I would buy it again.,price
240,The customer service is everything I wanted and more. I am very satisfied with my purchase.,customer service
241,I am very disappointed with the price. The price did not meet my expectations.,price
242,I would give the product one star. It was a terrible product.,product
243,The customer service is of poor quality. I would not recommend it.,customer service
244,The price is overpriced for the quality. I would not buy it again.,price
245,The shipping is not what I was looking for. I am very disappointed with my purchase.,shipping
246,I am extremely unhappy with the product. It was a waste of money.,product
247,I am very disappointed with the shipping. The shipping did not meet my expectations.,shipping
248,I am very impressed with the price. It is a great product at a great price.,price
249,I would give the shipping one star. It was a terrible product.,shipping
250,The product is everything I wanted and more. I am very satisfied with my purchase.,product
251,The price is very difficult to use and has caused me a lot of frustration.,price
252,I am very impressed with the shipping. It is a great product at a great price.,shipping
253,The price is very difficult to use and has caused me a lot of frustration.,price
254,I am very disappointed with the price. The price did not meet my expectations.,price
255,The customer service is overpriced for the quality. I would not buy it again.,customer service
256,The customer service has exceeded my expectations. I would recommend it to anyone.,customer service
257,I am extremely unhappy with the product. It was a waste of money.,product
258,I had a terrible experience with the price. The price did not work as advertised.,price
259,I had a terrible experience with the customer service. The customer service did not work as advertised.,customer service
260,I would give the customer service five stars. It has been a pleasure to use.,customer service
261,The product has exceeded my expectations. I would recommend it to anyone.,product
262,I would give the shipping five stars. It has been a pleasure to use.,shipping
263,I am extremely happy with the customer service. It has been a great investment.,customer service
264,The price is not what I was looking for. I am very disappointed with my purchase.,price
265,The price did not live up to my expectations. I would not recommend it to anyone.,price
266,The product did not live up to my expectations. I would not recommend it to anyone.,product
267,The customer service is of poor quality. I would not recommend it.,customer service
268,I would give the price five stars. It has been a pleasure to use.,price
269,I am impressed with the customer service. It has exceeded my expectations.,customer service
270,I am extremely happy with the product. It has been a great investment.,product
271,The shipping is everything I wanted and more. I am very satisfied with my purchase.,shipping
272,I am extremely happy with the shipping. It has been a great investment.,shipping
273,I had a terrible experience with the price. The price did not work as advertised.,price
274,The product is overpriced for the quality. I would not buy it again.,product
275,I am very satisfied with the product. The product is exactly what I was looking for.,product
276,The customer service is of very high quality. I would definitely recommend it.,customer service
277,The product is of very high quality. I would definitely recommend it.,product
278,The customer service is an excellent value for the price. I would buy it again.,customer service
279,The customer service is of very high quality. I would definitely recommend it.,customer service
280,The customer service has exceeded my expectations. I would recommend it to anyone.,customer service
281,I would give the shipping one star. It was a terrible product.,shipping
282,The price is overpriced for the quality. I would not buy it again.,price
283,The price is very easy to use and has made my life much easier.,price
284,I had a terrible experience with the customer service. The customer service did not work as advertised.,customer service
285,The price is not what I was looking for. I am very disappointed with my purchase.,price
286,The customer service has exceeded my expectations. I would recommend it to anyone.,customer service
287,I would give the price one star. It was a terrible product.,price
288,The price has exceeded my expectations. I would recommend it to anyone.,price
289,I had a terrible experience with the product. The product did not work as advertised.,product
290,The shipping is very difficult to use and has caused me a lot of frustration.,shipping
291,I am extremely happy with the customer service. It has been a great investment.,customer service
292,The price is an excellent value for the price. I would buy it again.,price
293,The shipping did not live up to my expectations. I would not recommend it to anyone.,shipping
294,I would give the shipping one star. It was a terrible product.,shipping
295,I am very impressed with the product. It is a great product at a great price.,product
296,The shipping is overpriced for the quality. I would not buy it again.,shipping
297,The product is not what I was looking for. I am very disappointed with my purchase.,product
298,The price has exceeded my expectations. I would recommend it to anyone.,price
299,The customer service is very difficult to use and has caused me a lot of frustration.,customer service
300,I am impressed with the customer service. It has exceeded my expectations.,customer service
301,I am very disappointed with the price. The price did not meet my expectations.,price
302,The price has exceeded my expectations. I would recommend it to anyone.,price
303,The price is everything I wanted and more. I am very satisfied with my purchase.,price
304,The product has exceeded my expectations. I would recommend it to anyone.,product
305,I had a terrible experience with the price. The price did not work as advertised.,price
306,I would give the price five stars. It has been a pleasure to use.,price
307,I am impressed with the customer service. It has exceeded my expectations.,customer service
308,The shipping is of very high quality. I would definitely recommend it.,shipping
309,The product is an excellent value for the price. I would buy it again.,product
310,The shipping is everything I wanted and more. I am very satisfied with my purchase.,shipping
311,The product is not what I was looking for. I am very disappointed with my purchase.,product
312,I would give the product one star. It was a terrible product.,product
313,The customer service is everything I wanted and more. I am very satisfied with my purchase.,customer service
314,The price is of poor quality. I would not recommend it.,price
315,I would give the customer service five stars. It has been a pleasure to use.,customer service
316,The shipping has exceeded my expectations. I would recommend it to anyone.,shipping
317,I would give the price one star. It was a terrible product.,price
318,I am extremely unhappy with the product. It was a waste of money.,product
319,The product is of poor quality. I would not recommend it.,product
320,The customer service is very easy to use and has made my life much easier.,customer service
321,I am very unimpressed with the shipping. It is not worth the price.,shipping
322,I am very impressed with the shipping. It is a great product at a great price.,shipping
323,I had a terrible experience with the product. The product did not work as advertised.,product
324,The product is of very high quality. I would definitely recommend it.,product
325,The product is everything I wanted and more. I am very satisfied with my purchase.,product
326,I had a terrible experience with the product. The product did not work as advertised.,product
327,The product is overpriced for the quality. I would not buy it again.,product
328,I would give the price five stars. It has been a pleasure to use.,price
329,The price is overpriced for the quality. I would not buy it again.,price
330,I am very disappointed with the product. The product did not meet my expectations.,product
331,I am impressed with the customer service. It has exceeded my expectations.,customer service
332,The price is overpriced for the quality. I would not buy it again.,price
333,I am very impressed with the shipping. It is a great product at a great price.,shipping
334,The customer service did not live up to my expectations. I would not recommend it to anyone.,customer service
335,I am extremely unhappy with the price. It was a waste of money.,price
336,I am impressed with the customer service. It has exceeded my expectations.,customer service
337,The product is of poor quality. I would not recommend it.,product
338,The shipping is very difficult to use and has caused me a lot of frustration.,shipping
339,The price is everything I wanted and more. I am very satisfied with my purchase.,price
340,I am very satisfied with the product. The product is exactly what I was looking for.,product
341,I am very impressed with the price. It is a great product at a great price.,price
342,I had a terrible experience with the shipping. The shipping did not work as advertised.,shipping
343,I would give the price one star. It was a terrible product.,price
344,I am extremely unhappy with the price. It was a waste of money.,price
345,The customer service is an excellent value for the price. I would buy it again.,customer service
346,I had a terrible experience with the customer service. The customer service did not work as advertised.,customer service
347,I am very disappointed with the customer service. The customer service did not meet my expectations.,customer service
348,The shipping is an excellent value for the price. I would buy it again.,shipping
349,The price did not live up to my expectations. I would not recommend it to anyone.,price
350,I am extremely unhappy with the customer service. It was a waste of money.,customer service
351,I am very satisfied with the price. The price is exactly what I was looking for.,price
352,The product has exceeded my expectations. I would recommend it to anyone.,product
353,The customer service is not what I was looking for. I am very disappointed with my purchase.,customer service
354,I am very impressed with the product. It is a great product at a great price.,product
355,The shipping is very difficult to use and has caused me a lot of frustration.,shipping
356,The shipping is overpriced for the quality. I would not buy it again.,shipping
357,The customer service is very difficult to use and has caused me a lot of frustration.,customer service
358,I had a terrible experience with the shipping. The shipping did not work as advertised.,shipping
359,The shipping is not what I was looking for. I am very disappointed with my purchase.,shipping
360,The product did not live up to my expectations. I would not recommend it to anyone.,product
361,The customer service has exceeded my expectations. I would recommend it to anyone.,customer service
362,The product is not what I was looking for. I am very disappointed with my purchase.,product
363,The product did not live up to my expectations. I would not recommend it to anyone.,product
364,The price is of poor quality. I would not recommend it.,price
365,The customer service is overpriced for the quality. I would not buy it again.,customer service
366,I am very satisfied with the shipping. The shipping is exactly what I was looking for.,shipping
367,I am very unimpressed with the shipping. It is not worth the price.,shipping
368,The product is very easy to use and has made my life much easier.,product
369,The price did not live up to my expectations. I would not recommend it to anyone.,price
370,I am very satisfied with the shipping. The shipping is exactly what I was looking for.,shipping
371,I am impressed with the customer service. It has exceeded my expectations.,customer service
372,The product is everything I wanted and more. I am very satisfied with my purchase.,product
373,The customer service is everything I wanted and more. I am very satisfied with my purchase.,customer service
374,I am very impressed with the customer service. It is a great product at a great price.,customer service
375,I am very impressed with the customer service. It is a great product at a great price.,customer service
376,The shipping is very easy to use and has made my life much easier.,shipping
377,I am impressed with the customer service. It has exceeded my expectations.,customer service
378,The shipping is overpriced for the quality. I would not buy it again.,shipping
379,I am extremely happy with the price. It has been a great investment.,price
380,The price is not what I was looking for. I am very disappointed with my purchase.,price
381,I had a terrible experience with the price. The price did not work as advertised.,price
382,I am extremely happy with the price. It has been a great investment.,price
383,I am very unimpressed with the customer service. It is not worth the price.,customer service
384,The product is everything I wanted and more. I am very satisfied with my purchase.,product
385,I am very unimpressed with the customer service. It is not worth the price.,customer service
386,The price is very easy to use and has made my life much easier.,price
387,I am very disappointed with the customer service. The customer service did not meet my expectations.,customer service
388,I am very disappointed with the price. The price did not meet my expectations.,price
389,The customer service is of very high quality. I would definitely recommend it.,customer service
390,I am extremely happy with the price. It has been a great investment.,price
391,I am very unimpressed with the price. It is not worth the price.,price
392,I am very satisfied with the product. The product is exactly what I was looking for.,product
393,The customer service is of very high quality. I would definitely recommend it.,customer service
394,I would give the product five stars. It has been a pleasure to use.,product
395,I am impressed with the shipping. It has exceeded my expectations.,shipping
396,The customer service is not what I was looking for. I am very disappointed with my purchase.,customer service
397,The shipping is not what I was looking for. I am very disappointed with my purchase.,shipping
398,The customer service is everything I wanted and more. I am very satisfied with my purchase.,customer service
399,I would give the product five stars. It has been a pleasure to use.,product
400,The customer service did not live up to my expectations. I would not recommend it to anyone.,customer service
401,I would give the customer service one star. It was a terrible product.,customer service
402,I am very unimpressed with the product. It is not worth the price.,product
403,I had a terrible experience with the price. The price did not work as advertised.,price
404,The shipping is very easy to use and has made my life much easier.,shipping
405,I am very unimpressed with the customer service. It is not worth the price.,customer service
406,I had a terrible experience with the shipping. The shipping did not work as advertised.,shipping
407,I am extremely happy with the price. It has been a great investment.,price
408,The customer service did not live up to my expectations. I would not recommend it to anyone.,customer service
409,I would give the customer service five stars. It has been a pleasure to use.,customer service
410,The customer service is not what I was looking for. I am very disappointed with my purchase.,customer service
411,The product is of poor quality. I would not recommend it.,product
412,The price is an excellent value for the price. I would buy it again.,price
413,The product is an excellent value for the price. I would buy it again.,product
414,I am extremely unhappy with the price. It was a waste of money.,price
415,The customer service is everything I wanted and more. I am very satisfied with my purchase.,customer service
416,I am extremely unhappy with the product. It was a waste of money.,product
417,The shipping is of poor quality. I would not recommend it.,shipping
418,I would give the customer service five stars. It has been a pleasure to use.,customer service
419,The product is very difficult to use and has caused me a lot of frustration.,product
420,I am very impressed with the product. It is a great product at a great price.,product
421,I am very unimpressed with the customer service. It is not worth the price.,customer service
422,I had a terrible experience with the customer service. The customer service did not work as advertised.,customer service
423,The price did not live up to my expectations. I would not recommend it to anyone.,price
424,The product is an excellent value for the price. I would buy it again.,product
425,The price is not what I was looking for. I am very disappointed with my purchase.,price
426,The product is an excellent value for the price. I would buy it again.,product
427,I am very satisfied with the shipping. The shipping is exactly what I was looking for.,shipping
428,I am very unimpressed with the shipping. It is not worth the price.,shipping
429,I had a terrible experience with the customer service. The customer service did not work as advertised.,customer service
430,I am very satisfied with the price. The price is exactly what I was looking for.,price
431,The shipping is an excellent value for the price. I would buy it again.,shipping
432,The price has exceeded my expectations. I would recommend it to anyone.,price
433,I am very disappointed with the product. The product did not meet my expectations.,product
434,I would give the product one star. It was a terrible product.,product
435,I am extremely happy with the price. It has been a great investment.,price
436,The price did not live up to my expectations. I would not recommend it to anyone.,price
437,The shipping did not live up to my expectations. I would not recommend it to anyone.,shipping
438,I am very disappointed with the customer service. The customer service did not meet my expectations.,customer service
439,I had a terrible experience with the shipping. The shipping did not work as advertised.,shipping
440,The price is not what I was looking for. I am very disappointed with my purchase.,price
441,The shipping is of poor quality. I would not recommend it.,shipping
442,I am extremely unhappy with the customer service. It was a waste of money.,customer service
443,The price is overpriced for the quality. I would not buy it again.,price
444,I am extremely unhappy with the customer service. It was a waste of money.,customer service
445,The product is not what I was looking for. I am very disappointed with my purchase.,product
446,The shipping did not live up to my expectations. I would not recommend it to anyone.,shipping
447,I had a terrible experience with the price. The price did not work as advertised.,price
448,I had a terrible experience with the shipping. The shipping did not work as advertised.,shipping
449,The product is overpriced for the quality. I would not buy it again.,product
450,The product is of poor quality. I would not recommend it.,product
451,I am very disappointed with the shipping. The shipping did not meet my expectations.,shipping
452,The price did not live up to my expectations. I would not recommend it to anyone.,price
453,I would give the product one star. It was a terrible product.,product
454,The product is very difficult to use and has caused me a lot of frustration.,product
455,I am extremely unhappy with the product. It was a waste of money.,product
456,I am extremely happy with the shipping. It has been a great investment.,shipping
457,The price is of very high quality. I would definitely recommend it.,price
458,I am impressed with the product. It has exceeded my expectations.,product
459,I would give the shipping one star. It was a terrible product.,shipping
460,The product is very difficult to use and has caused me a lot of frustration.,product
461,The product has exceeded my expectations. I would recommend it to anyone.,product
462,The price is very difficult to use and has caused me a lot of frustration.,price
463,I would give the price five stars. It has been a pleasure to use.,price
464,The price is of very high quality. I would definitely recommend it.,price
465,The shipping did not live up to my expectations. I would not recommend it to anyone.,shipping
466,The product is of poor quality. I would not recommend it.,product
467,I am very disappointed with the shipping. The shipping did not meet my expectations.,shipping
468,The product is very easy to use and has made my life much easier.,product
469,The price is very easy to use and has made my life much easier.,price
470,I had a terrible experience with the price. The price did not work as advertised.,price
471,The product is of very high quality. I would definitely recommend it.,product
472,The customer service is an excellent value for the price. I would buy it again.,customer service
473,I would give the customer service one star. It was a terrible product.,customer service
474,I am very satisfied with the product. The product is exactly what I was looking for.,product
475,The shipping did not live up to my expectations. I would not recommend it to anyone.,shipping
476,The price is of poor quality. I would not recommend it.,price
477,The price has exceeded my expectations. I would recommend it to anyone.,price
478,I am extremely unhappy with the customer service. It was a waste of money.,customer service
479,I am very unimpressed with the product. It is not worth the price.,product
480,The price is of poor quality. I would not recommend it.,price
481,I am very disappointed with the price. The price did not meet my expectations.,price
482,The price is overpriced for the quality. I would not buy it again.,price
483,I had a terrible experience with the shipping. The shipping did not work as advertised.,shipping
484,The customer service did not live up to my expectations. I would not recommend it to anyone.,customer service
485,I am extremely unhappy with the product. It was a waste of money.,product
486,The price is of very high quality. I would definitely recommend it.,price
487,The product is not what I was looking for. I am very disappointed with my purchase.,product
488,I am very disappointed with the shipping. The shipping did not meet my expectations.,shipping
489,The price has exceeded my expectations. I would recommend it to anyone.,price
490,The customer service is of poor quality. I would not recommend it.,customer service
491,The price did not live up to my expectations. I would not recommend it to anyone.,price
492,The customer service is very easy to use and has made my life much easier.,customer service
493,The customer service is an excellent value for the price. I would buy it again.,customer service
494,The product is not what I was looking for. I am very disappointed with my purchase.,product
495,The product is very difficult to use and has caused me a lot of frustration.,product
496,The shipping is an excellent value for the price. I would buy it again.,shipping
497,The shipping is very difficult to use and has caused me a lot of frustration.,shipping
498,The price is overpriced for the quality. I would not buy it again.,price
499,I am very satisfied with the shipping. The shipping is exactly what I was looking for.,shipping
500,I am very satisfied with the price. The price is exactly what I was looking for.,price
501,I would give the price five stars. It has been a pleasure to use.,price
502,I had a terrible experience with the customer service. The customer service did not work as advertised.,customer service
503,I am extremely happy with the product. It has been a great investment.,product
504,The customer service is everything I wanted and more. I am very satisfied with my purchase.,customer service
505,I had a terrible experience with the shipping. The shipping did not work as advertised.,shipping
506,I am extremely happy with the product. It has been a great investment.,product
507,I am very satisfied with the customer service. The customer service is exactly what I was looking for.,customer service
508,The shipping did not live up to my expectations. I would not recommend it to anyone.,shipping
509,I am very unimpressed with the customer service. It is not worth the price.,customer service
510,The customer service is very easy to use and has made my life much easier.,customer service
511,I am very disappointed with the shipping. The shipping did not meet my expectations.,shipping
512,The shipping is very difficult to use and has caused me a lot of frustration.,shipping
513,I would give the price one star. It was a terrible product.,price
514,The shipping did not live up to my expectations. I would not recommend it to anyone.,shipping
515,I am very disappointed with the price. The price did not meet my expectations.,price
516,I am very impressed with the shipping. It is a great product at a great price.,shipping
517,The shipping is an excellent value for the price. I would buy it again.,shipping
518,The product did not live up to my expectations. I would not recommend it to anyone.,product
519,I am very disappointed with the customer service. The customer service did not meet my expectations.,customer service
520,The customer service is very difficult to use and has caused me a lot of frustration.,customer service
521,The price is an excellent value for the price. I would buy it again.,price
522,I am extremely happy with the price. It has been a great investment.,price
523,The customer service has exceeded my expectations. I would recommend it to anyone.,customer service
524,The price is very difficult to use and has caused me a lot of frustration.,price
525,I am impressed with the shipping. It has exceeded my expectations.,shipping
526,I am extremely happy with the product. It has been a great investment.,product
527,The product did not live up to my expectations. I would not recommend it to anyone.,product
528,I am very satisfied with the product. The product is exactly what I was looking for.,product
529,The price did not live up to my expectations. I would not recommend it to anyone.,price
530,I am extremely unhappy with the product. It was a waste of money.,product
531,The shipping is overpriced for the quality. I would not buy it again.,shipping
532,I would give the price one star. It was a terrible product.,price
533,I am extremely unhappy with the price. It was a waste of money.,price
534,The customer service is not what I was looking for. I am very disappointed with my purchase.,customer service
535,I had a terrible experience with the customer service. The customer service did not work as advertised.,customer service
536,The shipping is of poor quality. I would not recommend it.,shipping
537,I am very unimpressed with the product. It is not worth the price.,product
538,I am very unimpressed with the price. It is not worth the price.,price
539,The shipping is an excellent value for the price. I would buy it again.,shipping
540,The product is of poor quality. I would not recommend it.,product
541,The shipping is overpriced for the quality. I would not buy it again.,shipping
542,I am extremely happy with the shipping. It has been a great investment.,shipping
543,I am very disappointed with the price. The price did not meet my expectations.,price
544,I had a terrible experience with the customer service. The customer service did not work as advertised.,customer service
545,The price has exceeded my expectations. I would recommend it to anyone.,price
546,The product is an excellent value for the price. I would buy it again.,product
547,I would give the customer service one star. It was a terrible product.,customer service
548,The customer service is very difficult to use and has caused me a lot of frustration.,customer service
549,The customer service is overpriced for the quality. I would not buy it again.,customer service
550,I had a terrible experience with the shipping. The shipping did not work as advertised.,shipping
551,I am impressed with the shipping. It has exceeded my expectations.,shipping
552,The shipping did not live up to my expectations. I would not recommend it to anyone.,shipping
553,I am very disappointed with the product. The product did not meet my expectations.,product
554,The price is of very high quality. I would definitely recommend it.,price
555,I had a terrible experience with the price. The price did not work as advertised.,price
556,The customer service is very difficult to use and has caused me a lot of frustration.,customer service
557,The customer service did not live up to my expectations. I would not recommend it to anyone.,customer service
558,I am impressed with the shipping. It has exceeded my expectations.,shipping
559,I would give the customer service five stars. It has been a pleasure to use.,customer service
560,I had a terrible experience with the customer service. The customer service did not work as advertised.,customer service
561,I am very impressed with the shipping. It is a great product at a great price.,shipping
562,The price did not live up to my expectations. I would not recommend it to anyone.,price
563,I am extremely unhappy with the shipping. It was a waste of money.,shipping
564,The product did not live up to my expectations. I would not recommend it to anyone.,product
565,I am extremely unhappy with the price. It was a waste of money.,price
566,I am extremely unhappy with the customer service. It was a waste of money.,customer service
567,I am very impressed with the price. It is a great product at a great price.,price
568,I would give the shipping five stars. It has been a pleasure to use.,shipping
569,The shipping is an excellent value for the price. I would buy it again.,shipping
570,I am extremely unhappy with the product. It was a waste of money.,product
571,I am extremely happy with the product. It has been a great investment.,product
572,The price is of poor quality. I would not recommend it.,price
573,I would give the product five stars. It has been a pleasure to use.,product
574,I would give the product five stars. It has been a pleasure to use.,product
575,I am extremely happy with the shipping. It has been a great investment.,shipping
576,The customer service did not live up to my expectations. I would not recommend it to anyone.,customer service
577,I am extremely happy with the product. It has been a great investment.,product
578,I am extremely happy with the customer service. It has been a great investment.,customer service
579,The shipping is overpriced for the quality. I would not buy it again.,shipping
580,The price is very difficult to use and has caused me a lot of frustration.,price
581,The price has exceeded my expectations. I would recommend it to anyone.,price
582,The shipping is everything I wanted and more. I am very satisfied with my purchase.,shipping
583,The price is an excellent value for the price. I would buy it again.,price
584,I would give the product five stars. It has been a pleasure to use.,product
585,The price has exceeded my expectations. I would recommend it to anyone.,price
586,The shipping is everything I wanted and more. I am very satisfied with my purchase.,shipping
587,I am very satisfied with the customer service. The customer service is exactly what I was looking for.,customer service
588,I am very impressed with the product. It is a great product at a great price.,product
589,The price is overpriced for the quality. I would not buy it again.,price
590,I would give the price one star. It was a terrible product.,price
591,The price is an excellent value for the price. I would buy it again.,price
592,I had a terrible experience with the shipping. The shipping did not work as advertised.,shipping
593,I would give the shipping one star. It was a terrible product.,shipping
594,The price is an excellent value for the price. I would buy it again.,price
595,The product is very difficult to use and has caused me a lot of frustration.,product
596,I am extremely unhappy with the shipping. It was a waste of money.,shipping
597,The customer service is overpriced for the quality. I would not buy it again.,customer service
598,The price is very difficult to use and has caused me a lot of frustration.,price
599,The price is not what I was looking for. I am very disappointed with my purchase.,price
600,The price is an excellent value for the price. I would buy it again.,price
601,I am impressed with the customer service. It has exceeded my expectations.,customer service
602,The price has exceeded my expectations. I would recommend it to anyone.,price
603,I am impressed with the customer service. It has exceeded my expectations.,customer service
604,The product is overpriced for the quality. I would not buy it again.,product
605,The price is everything I wanted and more. I am very satisfied with my purchase.,price
606,The price is very easy to use and has made my life much easier.,price
607,I had a terrible experience with the customer service. The customer service did not work as advertised.,customer service
608,The customer service is not what I was looking for. I am very disappointed with my purchase.,customer service
609,The price is everything I wanted and more. I am very satisfied with my purchase.,price
610,I am very unimpressed with the shipping. It is not worth the price.,shipping
611,I am very satisfied with the product. The product is exactly what I was looking for.,product
612,I had a terrible experience with the product. The product did not work as advertised.,product
613,The customer service is overpriced for the quality. I would not buy it again.,customer service
614,The price is not what I was looking for. I am very disappointed with my purchase.,price
615,The customer service is very difficult to use and has caused me a lot of frustration.,customer service
616,The shipping is overpriced for the quality. I would not buy it again.,shipping
617,I am very disappointed with the product. The product did not meet my expectations.,product
618,I am extremely happy with the customer service. It has been a great investment.,customer service
619,The shipping is not what I was looking for. I am very disappointed with my purchase.,shipping
620,I am very unimpressed with the price. It is not worth the price.,price
621,I am impressed with the customer service. It has exceeded my expectations.,customer service
622,I am very disappointed with the customer service. The customer service did not meet my expectations.,customer service
623,I am very unimpressed with the shipping. It is not worth the price.,shipping
624,I am very disappointed with the product. The product did not meet my expectations.,product
625,I am impressed with the shipping. It has exceeded my expectations.,shipping
626,I am very disappointed with the product. The product did not meet my expectations.,product
627,I had a terrible experience with the product. The product did not work as advertised.,product
628,I am extremely happy with the product. It has been a great investment.,product
629,I am very unimpressed with the product. It is not worth the price.,product
630,I am very unimpressed with the customer service. It is not worth the price.,customer service
631,The price is very easy to use and has made my life much easier.,price
632,The shipping is very easy to use and has made my life much easier.,shipping
633,The price is an excellent value for the price. I would buy it again.,price
634,The price is of very high quality. I would definitely recommend it.,price
635,I would give the customer service one star. It was a terrible product.,customer service
636,The shipping is of poor quality. I would not recommend it.,shipping
637,The shipping is overpriced for the quality. I would not buy it again.,shipping
638,I am impressed with the shipping. It has exceeded my expectations.,shipping
639,The price is not what I was looking for. I am very disappointed with my purchase.,price
640,The product is an excellent value for the price. I would buy it again.,product
641,The shipping is not what I was looking for. I am very disappointed with my purchase.,shipping
642,I am very impressed with the shipping. It is a great product at a great price.,shipping
643,I am very satisfied with the shipping. The shipping is exactly what I was looking for.,shipping
644,I would give the price five stars. It has been a pleasure to use.,price
645,I am very disappointed with the price. The price did not meet my expectations.,price
646,The price is very difficult to use and has caused me a lot of frustration.,price
647,The price is not what I was looking for. I am very disappointed with my purchase.,price
648,I would give the product one star. It was a terrible product.,product
649,The customer service is everything I wanted and more. I am very satisfied with my purchase.,customer service
650,I would give the price one star. It was a terrible product.,price
651,I am very satisfied with the product. The product is exactly what I was looking for.,product
652,The shipping is of poor quality. I would not recommend it.,shipping
653,I would give the product five stars. It has been a pleasure to use.,product
654,I would give the product five stars. It has been a pleasure to use.,product
655,I had a terrible experience with the price. The price did not work as advertised.,price
656,The product is not what I was looking for. I am very disappointed with my purchase.,product
657,I am very satisfied with the price. The price is exactly what I was looking for.,price
658,The product did not live up to my expectations. I would not recommend it to anyone.,product
659,I am very impressed with the customer service. It is a great product at a great price.,customer service
660,The product did not live up to my expectations. I would not recommend it to anyone.,product
661,The product is an excellent value for the price. I would buy it again.,product
662,I would give the shipping five stars. It has been a pleasure to use.,shipping
663,I would give the customer service five stars. It has been a pleasure to use.,customer service
664,I am very satisfied with the price. The price is exactly what I was looking for.,price
665,The product is an excellent value for the price. I would buy it again.,product
666,The shipping is of very high quality. I would definitely recommend it.,shipping
667,I am extremely happy with the customer service. It has been a great investment.,customer service
668,The product has exceeded my expectations. I would recommend it to anyone.,product
669,The shipping is very difficult to use and has caused me a lot of frustration.,shipping
670,I am very satisfied with the product. The product is exactly what I was looking for.,product
671,I am very disappointed with the shipping. The shipping did not meet my expectations.,shipping
672,I would give the price one star. It was a terrible product.,price
673,I am very disappointed with the product. The product did not meet my expectations.,product
674,I would give the product five stars. It has been a pleasure to use.,product
675,The price is of very high quality. I would definitely recommend it.,price
676,The price is very difficult to use and has caused me a lot of frustration.,price
677,The customer service did not live up to my expectations. I would not recommend it to anyone.,customer service
678,I am very unimpressed with the shipping. It is not worth the price.,shipping
679,I am extremely unhappy with the customer service. It was a waste of money.,customer service
680,I am extremely happy with the product. It has been a great investment.,product
681,The customer service is of very high quality. I would definitely recommend it.,customer service
682,I would give the price five stars. It has been a pleasure to use.,price
683,I am impressed with the product. It has exceeded my expectations.,product
684,The shipping is not what I was looking for. I am very disappointed with my purchase.,shipping
685,The customer service is very easy to use and has made my life much easier.,customer service
686,The customer service did not live up to my expectations. I would not recommend it to anyone.,customer service
687,The price is an excellent value for the price. I would buy it again.,price
688,The product has exceeded my expectations. I would recommend it to anyone.,product
689,The price is very difficult to use and has caused me a lot of frustration.,price
690,The shipping has exceeded my expectations. I would recommend it to anyone.,shipping
691,The product is everything I wanted and more. I am very satisfied with my purchase.,product
692,I would give the customer service five stars. It has been a pleasure to use.,customer service
693,The price is everything I wanted and more. I am very satisfied with my purchase.,price
694,The product is very difficult to use and has caused me a lot of frustration.,product
695,The customer service has exceeded my expectations. I would recommend it to anyone.,customer service
696,I am extremely unhappy with the shipping. It was a waste of money.,shipping
697,The product is overpriced for the quality. I would not buy it again.,product
698,The customer service is overpriced for the quality. I would not buy it again.,customer service
699,I am impressed with the shipping. It has exceeded my expectations.,shipping
700,The customer service did not live up to my expectations. I would not recommend it to anyone.,customer service
701,The customer service did not live up to my expectations. I would not recommend it to anyone.,customer service
702,The price is an excellent value for the price. I would buy it again.,price
703,The price has exceeded my expectations. I would recommend it to anyone.,price
704,I am very disappointed with the customer service. The customer service did not meet my expectations.,customer service
705,The price has exceeded my expectations. I would recommend it to anyone.,price
706,I would give the shipping one star. It was a terrible product.,shipping
707,I am extremely unhappy with the shipping. It was a waste of money.,shipping
708,I am impressed with the product. It has exceeded my expectations.,product
709,I would give the customer service one star. It was a terrible product.,customer service
710,The customer service has exceeded my expectations. I would recommend it to anyone.,customer service
711,I would give the customer service one star. It was a terrible product.,customer service
712,I am very impressed with the product. It is a great product at a great price.,product
713,I am very satisfied with the shipping. The shipping is exactly what I was looking for.,shipping
714,The shipping has exceeded my expectations. I would recommend it to anyone.,shipping
715,The customer service is an excellent value for the price. I would buy it again.,customer service
716,The customer service is not what I was looking for. I am very disappointed with my purchase.,customer service
717,I am very unimpressed with the shipping. It is not worth the price.,shipping
718,The product is overpriced for the quality. I would not buy it again.,product
719,I am very disappointed with the shipping. The shipping did not meet my expectations.,shipping
720,I am extremely unhappy with the customer service. It was a waste of money.,customer service
721,The price is very easy to use and has made my life much easier.,price
722,The product is everything I wanted and more. I am very satisfied with my purchase.,product
723,I am very satisfied with the product. The product is exactly what I was looking for.,product
724,The product is very difficult to use and has caused me a lot of frustration.,product
725,I am extremely unhappy with the price. It was a waste of money.,price
726,The price has exceeded my expectations. I would recommend it to anyone.,price
727,I would give the price five stars. It has been a pleasure to use.,price
728,I am extremely happy with the product. It has been a great investment.,product
729,I am very disappointed with the price. The price did not meet my expectations.,price
730,The product is not what I was looking for. I am very disappointed with my purchase.,product
731,I am very disappointed with the price. The price did not meet my expectations.,price
732,The price is everything I wanted and more. I am very satisfied with my purchase.,price
733,The price is very easy to use and has made my life much easier.,price
734,The product is of poor quality. I would not recommend it.,product
735,I am extremely unhappy with the price. It was a waste of money.,price
736,The price is an excellent value for the price. I would buy it again.,price
737,I am impressed with the price. It has exceeded my expectations.,price
738,I am very impressed with the product. It is a great product at a great price.,product
739,I am extremely happy with the product. It has been a great investment.,product
740,The customer service is not what I was looking for. I am very disappointed with my purchase.,customer service
741,I am extremely unhappy with the customer service. It was a waste of money.,customer service
742,The product is very easy to use and has made my life much easier.,product
743,I am very satisfied with the shipping. The shipping is exactly what I was looking for.,shipping
744,I had a terrible experience with the price. The price did not work as advertised.,price
745,I am very unimpressed with the price. It is not worth the price.,price
746,I am very impressed with the price. It is a great product at a great price.,price
747,I would give the product one star. It was a terrible product.,product
748,The shipping is overpriced for the quality. I would not buy it again.,shipping
749,The customer service has exceeded my expectations. I would recommend it to anyone.,customer service
750,The product is of very high quality. I would definitely recommend it.,product
751,I am extremely happy with the product. It has been a great investment.,product
752,The customer service has exceeded my expectations. I would recommend it to anyone.,customer service
753,I am very disappointed with the product. The product did not meet my expectations.,product
754,The customer service is everything I wanted and more. I am very satisfied with my purchase.,customer service
755,I am extremely happy with the customer service. It has been a great investment.,customer service
756,I am extremely unhappy with the customer service. It was a waste of money.,customer service
757,I am very disappointed with the customer service. The customer service did not meet my expectations.,customer service
758,The customer service is overpriced for the quality. I would not buy it again.,customer service
759,I am very satisfied with the shipping. The shipping is exactly what I was looking for.,shipping
760,The shipping has exceeded my expectations. I would recommend it to anyone.,shipping
761,I am extremely happy with the shipping. It has been a great investment.,shipping
762,I had a terrible experience with the product. The product did not work as advertised.,product
763,The price is everything I wanted and more. I am very satisfied with my purchase.,price
764,The shipping is of very high quality. I would definitely recommend it.,shipping
765,I am extremely happy with the product. It has been a great investment.,product
766,I am very disappointed with the price. The price did not meet my expectations.,price
767,The price has exceeded my expectations. I would recommend it to anyone.,price
768,The product did not live up to my expectations. I would not recommend it to anyone.,product
769,The price is not what I was looking for. I am very disappointed with my purchase.,price
770,I would give the price five stars. It has been a pleasure to use.,price
771,I am very impressed with the product. It is a great product at a great price.,product
772,The customer service has exceeded my expectations. I would recommend it to anyone.,customer service
773,The shipping is overpriced for the quality. I would not buy it again.,shipping
774,I am very disappointed with the shipping. The shipping did not meet my expectations.,shipping
775,I am very satisfied with the product. The product is exactly what I was looking for.,product
776,The price is overpriced for the quality. I would not buy it again.,price
777,I am extremely happy with the customer service. It has been a great investment.,customer service
778,I am very satisfied with the product. The product is exactly what I was looking for.,product
779,I am very disappointed with the price. The price did not meet my expectations.,price
780,The product is very easy to use and has made my life much easier.,product
781,The price is very difficult to use and has caused me a lot of frustration.,price
782,I am very unimpressed with the price. It is not worth the price.,price
783,The price is not what I was looking for. I am very disappointed with my purchase.,price
784,The price is overpriced for the quality. I would not buy it again.,price
785,I am impressed with the price. It has exceeded my expectations.,price
786,The customer service is very difficult to use and has caused me a lot of frustration.,customer service
787,I am extremely unhappy with the customer service. It was a waste of money.,customer service
788,I am very impressed with the customer service. It is a great product at a great price.,customer service
789,The product is very difficult to use and has caused me a lot of frustration.,product
790,I am very satisfied with the shipping. The shipping is exactly what I was looking for.,shipping
791,The shipping is an excellent value for the price. I would buy it again.,shipping
792,I am very satisfied with the customer service. The customer service is exactly what I was looking for.,customer service
793,The product is of poor quality. I would not recommend it.,product
794,I had a terrible experience with the shipping. The shipping did not work as advertised.,shipping
795,I had a terrible experience with the shipping. The shipping did not work as advertised.,shipping
796,I would give the customer service five stars. It has been a pleasure to use.,customer service
797,I am extremely unhappy with the customer service. It was a waste of money.,customer service
798,I am very unimpressed with the shipping. It is not worth the price.,shipping
799,The price is very difficult to use and has caused me a lot of frustration.,price
800,I would give the shipping five stars. It has been a pleasure to use.,shipping
801,I had a terrible experience with the price. The price did not work as advertised.,price
802,I would give the price one star. It was a terrible product.,price
803,The customer service is very easy to use and has made my life much easier.,customer service
804,I am very satisfied with the price. The price is exactly what I was looking for.,price
805,The customer service is everything I wanted and more. I am very satisfied with my purchase.,customer service
806,The customer service is of very high quality. I would definitely recommend it.,customer service
807,I am very satisfied with the product. The product is exactly what I was looking for.,product
808,I am extremely happy with the customer service. It has been a great investment.,customer service
809,The price did not live up to my expectations. I would not recommend it to anyone.,price
810,The customer service is of very high quality. I would definitely recommend it.,customer service
811,The price did not live up to my expectations. I would not recommend it to anyone.,price
812,I am very satisfied with the product. The product is exactly what I was looking for.,product
813,The shipping is everything I wanted and more. I am very satisfied with my purchase.,shipping
814,I had a terrible experience with the price. The price did not work as advertised.,price
815,The product is of poor quality. I would not recommend it.,product
816,I am impressed with the customer service. It has exceeded my expectations.,customer service
817,The price is of very high quality. I would definitely recommend it.,price
818,I am very unimpressed with the product. It is not worth the price.,product
819,I am extremely happy with the price. It has been a great investment.,price
820,The product is very difficult to use and has caused me a lot of frustration.,product
821,I would give the shipping five stars. It has been a pleasure to use.,shipping
822,I am extremely unhappy with the customer service. It was a waste of money.,customer service
823,The price is not what I was looking for. I am very disappointed with my purchase.,price
824,I am impressed with the customer service. It has exceeded my expectations.,customer service
825,The price is very difficult to use and has caused me a lot of frustration.,price
826,The customer service is of poor quality. I would not recommend it.,customer service
827,The price is very easy to use and has made my life much easier.,price
828,The price is everything I wanted and more. I am very satisfied with my purchase.,price
829,The price is of poor quality. I would not recommend it.,price
830,I am very impressed with the product. It is a great product at a great price.,product
831,The shipping is of very high quality. I would definitely recommend it.,shipping
832,The price is very difficult to use and has caused me a lot of frustration.,price
833,The price is not what I was looking for. I am very disappointed with my purchase.,price
834,The product is very easy to use and has made my life much easier.,product
835,The customer service is very easy to use and has made my life much easier.,customer service
836,I had a terrible experience with the customer service. The customer service did not work as advertised.,customer service
837,I am very satisfied with the price. The price is exactly what I was looking for.,price
838,The price is an excellent value for the price. I would buy it again.,price
839,The customer service is an excellent value for the price. I would buy it again.,customer service
840,I am extremely happy with the price. It has been a great investment.,price
841,The price is very easy to use and has made my life much easier.,price
842,I would give the shipping one star. It was a terrible product.,shipping
843,The price is everything I wanted and more. I am very satisfied with my purchase.,price
844,I would give the price one star. It was a terrible product.,price
845,The shipping has exceeded my expectations. I would recommend it to anyone.,shipping
846,I would give the product five stars. It has been a pleasure to use.,product
847,I would give the price one star. It was a terrible product.,price
848,The shipping is of very high quality. I would definitely recommend it.,shipping
849,The shipping is of poor quality. I would not recommend it.,shipping
850,I am very satisfied with the product. The product is exactly what I was looking for.,product
851,I am very disappointed with the customer service. The customer service did not meet my expectations.,customer service
852,The shipping is of poor quality. I would not recommend it.,shipping
853,The product is very easy to use and has made my life much easier.,product
854,The product has exceeded my expectations. I would recommend it to anyone.,product
855,I had a terrible experience with the customer service. The customer service did not work as advertised.,customer service
856,The product is everything I wanted and more. I am very satisfied with my purchase.,product
857,I am very satisfied with the product. The product is exactly what I was looking for.,product
858,The customer service is everything I wanted and more. I am very satisfied with my purchase.,customer service
859,The customer service is of very high quality. I would definitely recommend it.,customer service
860,I am extremely happy with the price. It has been a great investment.,price
861,I had a terrible experience with the price. The price did not work as advertised.,price
862,I am very satisfied with the product. The product is exactly what I was looking for.,product
863,I am impressed with the price. It has exceeded my expectations.,price
864,I am impressed with the customer service. It has exceeded my expectations.,customer service
865,The price is very difficult to use and has caused me a lot of frustration.,price
866,The customer service is everything I wanted and more. I am very satisfied with my purchase.,customer service
867,I would give the price one star. It was a terrible product.,price
868,I am very satisfied with the shipping. The shipping is exactly what I was looking for.,shipping
869,I am impressed with the customer service. It has exceeded my expectations.,customer service
870,The price is everything I wanted and more. I am very satisfied with my purchase.,price
871,I am impressed with the product. It has exceeded my expectations.,product
872,The product is very easy to use and has made my life much easier.,product
873,I am very impressed with the price. It is a great product at a great price.,price
874,The price is not what I was looking for. I am very disappointed with my purchase.,price
875,The product is of very high quality. I would definitely recommend it.,product
876,The customer service is very difficult to use and has caused me a lot of frustration.,customer service
877,I would give the customer service one star. It was a terrible product.,customer service
878,The price did not live up to my expectations. I would not recommend it to anyone.,price
879,I would give the shipping one star. It was a terrible product.,shipping
880,The shipping is very easy to use and has made my life much easier.,shipping
881,The customer service is of very high quality. I would definitely recommend it.,customer service
882,The customer service is very easy to use and has made my life much easier.,customer service
883,The price is very difficult to use and has caused me a lot of frustration.,price
884,I am impressed with the product. It has exceeded my expectations.,product
885,The price did not live up to my expectations. I would not recommend it to anyone.,price
886,The shipping is very difficult to use and has caused me a lot of frustration.,shipping
887,The shipping is of poor quality. I would not recommend it.,shipping
888,The price is an excellent value for the price. I would buy it again.,price
889,The shipping is of very high quality. I would definitely recommend it.,shipping
890,I would give the product five stars. It has been a pleasure to use.,product
891,I am extremely unhappy with the customer service. It was a waste of money.,customer service
892,I had a terrible experience with the shipping. The shipping did not work as advertised.,shipping
893,I am very impressed with the product. It is a great product at a great price.,product
894,The shipping did not live up to my expectations. I would not recommend it to anyone.,shipping
895,I would give the product one star. It was a terrible product.,product
896,The customer service is of poor quality. I would not recommend it.,customer service
897,I am very satisfied with the product. The product is exactly what I was looking for.,product
898,The product has exceeded my expectations. I would recommend it to anyone.,product
899,I am very disappointed with the shipping. The shipping did not meet my expectations.,shipping
900,I would give the price five stars. It has been a pleasure to use.,price
901,I am extremely unhappy with the customer service. It was a waste of money.,customer service
902,I am extremely unhappy with the product. It was a waste of money.,product
903,The price is overpriced for the quality. I would not buy it again.,price
904,The shipping is not what I was looking for. I am very disappointed with my purchase.,shipping
905,I had a terrible experience with the price. The price did not work as advertised.,price
906,I am very satisfied with the customer service. The customer service is exactly what I was looking for.,customer service
907,The product has exceeded my expectations. I would recommend it to anyone.,product
908,I am extremely unhappy with the product. It was a waste of money.,product
909,The customer service has exceeded my expectations. I would recommend it to anyone.,customer service
910,I would give the price five stars. It has been a pleasure to use.,price
911,I am extremely happy with the customer service. It has been a great investment.,customer service
912,I am extremely happy with the price. It has been a great investment.,price
913,The price is not what I was looking for. I am very disappointed with my purchase.,price
914,The shipping is not what I was looking for. I am very disappointed with my purchase.,shipping
915,The price is very difficult to use and has caused me a lot of frustration.,price
916,The customer service is overpriced for the quality. I would not buy it again.,customer service
917,I would give the price five stars. It has been a pleasure to use.,price
918,I am very satisfied with the shipping. The shipping is exactly what I was looking for.,shipping
919,I had a terrible experience with the shipping. The shipping did not work as advertised.,shipping
920,I am very satisfied with the shipping. The shipping is exactly what I was looking for.,shipping
921,I am extremely happy with the product. It has been a great investment.,product
922,I am impressed with the shipping. It has exceeded my expectations.,shipping
923,The product is an excellent value for the price. I would buy it again.,product
924,The price has exceeded my expectations. I would recommend it to anyone.,price
925,The price is very easy to use and has made my life much easier.,price
926,The price is very easy to use and has made my life much easier.,price
927,I am very disappointed with the price. The price did not meet my expectations.,price
928,The shipping is of very high quality. I would definitely recommend it.,shipping
929,The product is very difficult to use and has caused me a lot of frustration.,product
930,I am impressed with the price. It has exceeded my expectations.,price
931,The price is an excellent value for the price. I would buy it again.,price
932,The customer service has exceeded my expectations. I would recommend it to anyone.,customer service
933,I had a terrible experience with the product. The product did not work as advertised.,product
934,The price is very easy to use and has made my life much easier.,price
935,The customer service did not live up to my expectations. I would not recommend it to anyone.,customer service
936,The price is not what I was looking for. I am very disappointed with my purchase.,price
937,The customer service is very difficult to use and has caused me a lot of frustration.,customer service
938,The customer service is not what I was looking for. I am very disappointed with my purchase.,customer service
939,The customer service is of very high quality. I would definitely recommend it.,customer service
940,I am extremely unhappy with the customer service. It was a waste of money.,customer service
941,The price is an excellent value for the price. I would buy it again.,price
942,I am impressed with the customer service. It has exceeded my expectations.,customer service
943,The product is very easy to use and has made my life much easier.,product
944,I would give the product one star. It was a terrible product.,product
945,The price is very difficult to use and has caused me a lot of frustration.,price
946,I am extremely happy with the product. It has been a great investment.,product
947,I am very disappointed with the customer service. The customer service did not meet my expectations.,customer service
948,The product is of very high quality. I would definitely recommend it.,product
949,The customer service is everything I wanted and more. I am very satisfied with my purchase.,customer service
950,The product is of very high quality. I would definitely recommend it.,product
951,The shipping is overpriced for the quality. I would not buy it again.,shipping
952,The product is overpriced for the quality. I would not buy it again.,product
953,The customer service is very easy to use and has made my life much easier.,customer service
954,I am extremely unhappy with the price. It was a waste of money.,price
955,The shipping is not what I was looking for. I am very disappointed with my purchase.,shipping
956,I would give the product one star. It was a terrible product.,product
957,I would give the price five stars. It has been a pleasure to use.,price
958,I am very impressed with the price. It is a great product at a great price.,price
959,The price is of poor quality. I would not recommend it.,price
960,The product is everything I wanted and more. I am very satisfied with my purchase.,product
961,The price is everything I wanted and more. I am very satisfied with my purchase.,price
962,The shipping is overpriced for the quality. I would not buy it again.,shipping
963,The price is very difficult to use and has caused me a lot of frustration.,price
964,The customer service is an excellent value for the price. I would buy it again.,customer service
965,The customer service is everything I wanted and more. I am very satisfied with my purchase.,customer service
966,The price is very easy to use and has made my life much easier.,price
967,I would give the customer service five stars. It has been a pleasure to use.,customer service
968,The shipping is everything I wanted and more. I am very satisfied with my purchase.,shipping
969,I would give the shipping five stars. It has been a pleasure to use.,shipping
970,The customer service did not live up to my expectations. I would not recommend it to anyone.,customer service
971,The customer service is of very high quality. I would definitely recommend it.,customer service
972,I would give the shipping one star. It was a terrible product.,shipping
973,I would give the price one star. It was a terrible product.,price
974,I would give the price one star. It was a terrible product.,price
975,The price did not live up to my expectations. I would not recommend it to anyone.,price
976,I would give the price one star. It was a terrible product.,price
977,The shipping is overpriced for the quality. I would not buy it again.,shipping
978,The price is of very high quality. I would definitely recommend it.,price
979,I would give the shipping five stars. It has been a pleasure to use.,shipping
980,The product is of poor quality. I would not recommend it.,product
981,The product is not what I was looking for. I am very disappointed with my purchase.,product
982,The shipping is very easy to use and has made my life much easier.,shipping
983,I am very disappointed with the price. The price did not meet my expectations.,price
984,The price is not what I was looking for. I am very disappointed with my purchase.,price
985,I am very satisfied with the shipping. The shipping is exactly what I was looking for.,shipping
986,I had a terrible experience with the price. The price did not work as advertised.,price
987,I am very unimpressed with the shipping. It is not worth the price.,shipping
988,The price is of poor quality. I would not recommend it.,price
989,The price is everything I wanted and more. I am very satisfied with my purchase.,price
990,I am very disappointed with the customer service. The customer service did not meet my expectations.,customer service
991,I am very disappointed with the shipping. The shipping did not meet my expectations.,shipping
992,I had a terrible experience with the customer service. The customer service did not work as advertised.,customer service
993,The shipping is not what I was looking for. I am very disappointed with my purchase.,shipping
994,I would give the price five stars. It has been a pleasure to use.,price
995,I am very satisfied with the product. The product is exactly what I was looking for.,product
996,The product is very easy to use and has made my life much easier.,product
997,The customer service has exceeded my expectations. I would recommend it to anyone.,customer service
998,The shipping is an excellent value for the price. I would buy it again.,shipping
999,I would give the shipping five stars. It has been a pleasure to use.,shipping
1000,I had a terrible experience with the price. The price did not work as advertised.,price
